run_id,kind,speed,split
sim_001_healthy_40,healthy,40,test
sim_114_healthy_40,healthy,40,train
sim_128_healthy_40,healthy,40,test
sim_144_healthy_40,healthy,40,train
sim_003_healthy_50,healthy,50,train
sim_014_healthy_50,healthy,50,train
sim_018_healthy_50,healthy,50,test
sim_064_healthy_50,healthy,50,train
sim_002_healthy_60,healthy,60,train
sim_032_healthy_60,healthy,60,test
sim_100_healthy_60,healthy,60,test
sim_141_healthy_60,healthy,60,train
sim_031_healthy_70,healthy,70,train
sim_054_healthy_70,healthy,70,test
sim_099_healthy_70,healthy,70,train
sim_146_healthy_70,healthy,70,train
sim_011_healthy_80,healthy,80,test
sim_067_healthy_80,healthy,80,train
sim_070_healthy_80,healthy,80,train
sim_137_healthy_80,healthy,80,test
sim_006_healthy_change_40,healthy_change,40,train
sim_007_healthy_change_40,healthy_change,40,train
sim_013_healthy_change_40,healthy_change,40,test
sim_129_healthy_change_40,healthy_change,40,train
sim_020_healthy_change_50,healthy_change,50,test
sim_035_healthy_change_50,healthy_change,50,train
sim_109_healthy_change_50,healthy_change,50,test
sim_122_healthy_change_50,healthy_change,50,train
sim_038_healthy_change_60,healthy_change,60,train
sim_056_healthy_change_60,healthy_change,60,test
sim_060_healthy_change_60,healthy_change,60,train
sim_068_healthy_change_60,healthy_change,60,train
sim_043_healthy_change_70,healthy_change,70,test
sim_108_healthy_change_70,healthy_change,70,train
sim_133_healthy_change_70,healthy_change,70,test
sim_135_healthy_change_70,healthy_change,70,train
sim_069_healthy_change_80,healthy_change,80,test
sim_082_healthy_change_80,healthy_change,80,train
sim_118_healthy_change_80,healthy_change,80,test
sim_121_healthy_change_80,healthy_change,80,train
sim_016_jam_40,jam,40,train
sim_019_jam_40,jam,40,test
sim_051_jam_40,jam,40,train
sim_053_jam_40,jam,40,test
sim_113_jam_40,jam,40,train
sim_004_jam_50,jam,50,train
sim_005_jam_50,jam,50,train
sim_081_jam_50,jam,50,test
sim_086_jam_50,jam,50,train
sim_127_jam_50,jam,50,test
sim_062_jam_60,jam,60,test
sim_089_jam_60,jam,60,test
sim_093_jam_60,jam,60,train
sim_132_jam_60,jam,60,train
sim_147_jam_60,jam,60,train
sim_027_jam_70,jam,70,test
sim_033_jam_70,jam,70,train
sim_061_jam_70,jam,70,train
sim_116_jam_70,jam,70,test
sim_148_jam_70,jam,70,train
sim_036_jam_80,jam,80,test
sim_075_jam_80,jam,80,test
sim_094_jam_80,jam,80,train
sim_097_jam_80,jam,80,train
sim_106_jam_80,jam,80,train
sim_041_overload_40,overload,40,train
sim_072_overload_40,overload,40,test
sim_090_overload_40,overload,40,train
sim_091_overload_40,overload,40,test
sim_117_overload_40,overload,40,train
sim_066_overload_50,overload,50,test
sim_079_overload_50,overload,50,train
sim_111_overload_50,overload,50,train
sim_112_overload_50,overload,50,train
sim_130_overload_50,overload,50,test
sim_024_overload_60,overload,60,train
sim_030_overload_60,overload,60,train
sim_073_overload_60,overload,60,test
sim_125_overload_60,overload,60,train
sim_150_overload_60,overload,60,test
sim_009_overload_70,overload,70,train
sim_028_overload_70,overload,70,test
sim_092_overload_70,overload,70,train
sim_095_overload_70,overload,70,test
sim_120_overload_70,overload,70,train
sim_010_overload_80,overload,80,train
sim_046_overload_80,overload,80,test
sim_052_overload_80,overload,80,test
sim_077_overload_80,overload,80,train
sim_131_overload_80,overload,80,train
sim_039_slip_40,slip,40,train
sim_049_slip_40,slip,40,test
sim_058_slip_40,slip,40,train
sim_063_slip_40,slip,40,test
sim_123_slip_40,slip,40,train
sim_025_slip_50,slip,50,train
sim_078_slip_50,slip,50,train
sim_083_slip_50,slip,50,test
sim_088_slip_50,slip,50,train
sim_134_slip_50,slip,50,test
sim_012_slip_60,slip,60,train
sim_048_slip_60,slip,60,test
sim_055_slip_60,slip,60,train
sim_084_slip_60,slip,60,train
sim_105_slip_60,slip,60,test
sim_037_slip_70,slip,70,train
sim_059_slip_70,slip,70,train
sim_071_slip_70,slip,70,train
sim_076_slip_70,slip,70,test
sim_110_slip_70,slip,70,test
sim_026_slip_80,slip,80,test
sim_101_slip_80,slip,80,train
sim_107_slip_80,slip,80,test
sim_115_slip_80,slip,80,train
sim_140_slip_80,slip,80,train
sim_050_soak_40,soak,40,test
sim_143_soak_40,soak,40,train
sim_044_soak_50,soak,50,train
sim_102_soak_50,soak,50,test
sim_017_soak_60,soak,60,train
sim_103_soak_60,soak,60,test
sim_029_soak_70,soak,70,train
sim_098_soak_70,soak,70,train
sim_104_soak_80,soak,80,train
sim_139_soak_80,soak,80,test
sim_008_wear_40,wear,40,test
sim_074_wear_40,wear,40,test
sim_136_wear_40,wear,40,test
sim_138_wear_40,wear,40,test
sim_145_wear_40,wear,40,test
sim_015_wear_50,wear,50,test
sim_042_wear_50,wear,50,test
sim_057_wear_50,wear,50,test
sim_065_wear_50,wear,50,test
sim_096_wear_50,wear,50,test
sim_022_wear_60,wear,60,test
sim_023_wear_60,wear,60,test
sim_119_wear_60,wear,60,test
sim_126_wear_60,wear,60,test
sim_142_wear_60,wear,60,test
sim_021_wear_70,wear,70,test
sim_034_wear_70,wear,70,test
sim_047_wear_70,wear,70,test
sim_080_wear_70,wear,70,test
sim_124_wear_70,wear,70,test
sim_040_wear_80,wear,80,test
sim_045_wear_80,wear,80,test
sim_085_wear_80,wear,80,test
sim_087_wear_80,wear,80,test
sim_149_wear_80,wear,80,test
